Song Name,Album,Artist
Labon Ko | Bhool Bhulaiyaa | Pritam | K.K.,,
Yeh Raatein Yeh Mausam - Kishore Kumar,,
Dil ibaadat,,
Raabta,,
Tose Naina ,,
Apna Bana Le,,
Kesariya ,,
Heeriye,,
Aise Kyun - Ghazal Version,,
O Re Piya ,,
Mann Mera ,,
At My Worst,,
A Thousand Years,,
Tujhe Kitna Chahne lage ,,
Shaamat,,
Hum Dum ,,
Shiddat(Reprise),,
Tere Hawale ,,
Tum Se Hi ,,
Banjaara,,
Tere Sang Yaar,,
Tum Jo aaye,,
Pehla Pyaar,,
Pee loon,,
Kaise Mujhe ,,
Tum hi ho - Arijit Singh,,
Duniyaa - Akhil,,
Chahun Mai Yana,,
Hum Mar Jayenge,,
Pal - Javed - Mohsin,,
Sanam Teri Kasam,,
Sanam Re,,
Tere Sang Yaara - Atif Aslaam,,
Rahogi meri,,
Janiye - Vishal Mishra ,,
Dil Me Chupa Lunga - Meet Bros,,
Aaj Phir - Arijit Singh,,
Kaun Tujhe - Palak Mucchal,,
Kabhi Jo Badal Barse - Arijit Singh,,
Thodi der - Shreya Ghoshal,,
Thoda Thoda Pyar - Stebin Ben,,
Bulleya ,,
Jeena Jeena - Atif Aslam,,
Naa Chahun Sona Chandi,,
Raaz Ankhien Teri,,
With You - Ap Dhillon,,
Ishqe Di chashni,,
Jag Ghumeya,,
Bulleya - Sultan,,
Be More - Stephan Sanchez,,
